Id,MapId,MapMode,TypeId,Name,SubTitle,Location,Description,Quality,PickupCondition,Key,Icon,Res,Floor,WorldPos
1050301001,105,3,1,实验服,,医疗实验区,,,,yf_s,yf_s,,1,613.89;-91.77;435.28
1050301002,105,3,1,实验服,,行政区,,,,yf_s,yf_s,,1,470.25;-86.11;502.86
1050301003,105,3,1,实验服,,囚犯活动区,,,,yf_s,yf_s,,2,488.06;-80.76;577.89
1050301004,105,3,1,实验服,,医疗实验区,,,,yf_s,yf_s,,1,553.13;-91.86;452.49
1050301005,105,3,1,实验服,,医疗实验区,,,,yf_s,yf_s,,1,570.10;-91.63;460.56
1050301006,105,3,1,实验服,,医疗实验区,,,,yf_s,yf_s,,2,567.91;-82.61;471.63
1050301007,105,3,1,实验服,,医疗实验区,,,需要使用钥匙卡才能开启,yf_s,yf_s,,1,602.41;-93.01;485.00
1050301008,105,3,1,实验服,,医疗实验区,,,,yf_s,yf_s,,1,612.62;-91.55;459.31
1050301009,105,3,1,实验服,,牢房,,,,yf_s,yf_s,,1,515.13;-111.96;584.95
1050301010,105,3,1,衣服,,行政区,,,,yf,yf,,1,481.07;-86.53;433.80
1050301011,105,3,1,衣服,,卸货区,,,,yf,yf,,1,400.28;-85.37;481.42
1050301012,105,3,1,衣服,,行政区,,,,yf,yf,,1,512.30;-86.59;433.90
1050301013,105,3,1,衣服,,行政区,,,,yf,yf,,1,513.02;-86.59;433.91
1050301014,105,3,1,衣服,,医疗实验区,,,,yf,yf,,1,566.50;-86.45;488.78
1050301015,105,3,1,衣服,,牢房,,,需要使用钥匙卡才能开启,yf,yf,,1,539.99;-92.41;497.79
1050301016,105,3,1,衣服,,禁闭区,,,,yf,yf,,1,616.70;-86.76;462.91
1050301017,105,3,1,衣服,,行政区,,,,yf,yf,,1,475.60;-92.52;455.85
1050301018,105,3,1,弹药箱,,行政区,,,,dyx,dyx,,1,500.72;-87.65;481.77
1050301019,105,3,1,弹药箱,,行政区,,,,dyx,dyx,,1,481.13;-87.68;427.96
1050301020,105,3,1,弹药箱,,卸货区,,,,dyx,dyx,,1,401.41;-92.45;479.55
1050301021,105,3,1,弹药箱,,行政区,,,,dyx,dyx,,1,459.87;-92.96;522.15
1050301022,105,3,1,弹药箱,,囚犯活动区,,,,dyx,dyx,,1,420.66;-87.72;615.14
1050301023,105,3,1,弹药箱,,囚犯活动区,,,,dyx,dyx,,1,449.53;-87.72;611.04
1050301024,105,3,1,弹药箱,,行政区,,,,dyx,dyx,,1,522.68;-87.72;418.26
1050301025,105,3,1,弹药箱,,行政区,,,,dyx,dyx,,1,535.43;-93.94;424.01
1050301026,105,3,1,弹药箱,,医疗实验区,,,,dyx,dyx,,1,572.17;-87.70;478.14
1050301027,105,3,1,弹药箱,,医疗实验区,,,,dyx,dyx,,1,566.79;-87.69;453.89
1050301028,105,3,1,弹药箱,,电梯井,,,,dyx,dyx,,1,509.47;-87.69;529.71
1050301029,105,3,1,弹药箱,,牢房,,,,dyx,dyx,,1,602.56;-87.97;541.90
1050301030,105,3,1,弹药箱,,牢房,,,,dyx,dyx,,1,550.36;-93.29;517.18
1050301031,105,3,1,弹药箱,,施工区,,,,dyx,dyx,,2,593.66;-81.55;660.72
1050301032,105,3,1,弹药箱,,牢房,,,,dyx,dyx,,1,633.68;-87.91;507.20
1050301033,105,3,1,弹药箱,,卸货区,,,,dyx,dyx,,1,434.06;-92.44;497.92
1050301034,105,3,1,抽屉柜,,行政区,,,,ctg,ctg,,1,475.12;-87.62;496.78
1050301035,105,3,1,抽屉柜,,囚犯活动区,,,,ctg,ctg,,2,417.27;-85.01;539.61
1050301036,105,3,1,抽屉柜,,卸货区,,,,ctg,ctg,,1,400.56;-86.65;477.30
1050301037,105,3,1,抽屉柜,,行政区,,,,ctg,ctg,,1,496.36;-87.72;433.81
1050301038,105,3,1,抽屉柜,,行政区,,,,ctg,ctg,,1,471.60;-87.62;479.63
1050301039,105,3,1,抽屉柜,,行政区,,,,ctg,ctg,,1,501.52;-92.49;487.89
1050301040,105,3,1,抽屉柜,,行政区,,,,ctg,ctg,,1,447.91;-93.26;473.67
1050301041,105,3,1,抽屉柜,,行政区,,,,ctg,ctg,,1,499.23;-93.21;469.21
1050301042,105,3,1,抽屉柜,,囚犯活动区,,,,ctg,ctg,,2,426.46;-85.01;578.91
1050301043,105,3,1,抽屉柜,,行政区,,,,ctg,ctg,,1,533.72;-87.72;410.14
1050301044,105,3,1,抽屉柜,,医疗实验区,,,,ctg,ctg,,1,542.16;-93.29;468.32
1050301045,105,3,1,抽屉柜,,医疗实验区,,,,ctg,ctg,,1,560.51;-93.28;455.51
1050301046,105,3,1,抽屉柜,,医疗实验区,,,,ctg,ctg,,2,559.14;-83.87;464.34
1050301047,105,3,1,抽屉柜,,禁闭区,,,,ctg,ctg,,1,618.94;-87.89;420.72
1050301048,105,3,1,抽屉柜,,医疗实验区,,,,ctg,ctg,,1,581.80;-93.29;459.55
1050301049,105,3,1,抽屉柜,,牢房,,,,ctg,ctg,,1,627.61;-87.91;500.12
1050301050,105,3,1,抽屉柜,,禁闭区,,,,ctg,ctg,,1,602.87;-87.91;453.42
1050301051,105,3,1,抽屉柜,,牢房,,,,ctg,ctg,,1,551.05;-87.44;608.85
1050301052,105,3,1,抽屉柜,,牢房,,,,ctg,ctg,,2,608.11;-82.68;539.76
1050301053,105,3,1,抽屉柜,,牢房,,,,ctg,ctg,,2,569.06;-82.69;556.07
1050301054,105,3,1,快递箱,,囚犯活动区,,,,kdx,kdx,,1,461.16;-87.74;606.66
1050301055,105,3,1,快递箱,,牢房,,,,kdx,kdx,,1,633.44;-87.91;504.86
1050301056,105,3,1,快递箱,,行政区,,,,kdx,kdx,,1,475.04;-92.53;440.01
1050301057,105,3,1,快递箱,,行政区,,,,kdx,kdx,,1,499.46;-87.72;426.71
1050301058,105,3,1,快递箱,,行政区,,,,kdx,kdx,,1,484.31;-93.85;429.36
1050301059,105,3,1,快递箱,,行政区,,,,kdx,kdx,,1,485.59;-92.98;428.07
1050301060,105,3,1,快递箱,,行政区,,,,kdx,kdx,,1,463.03;-92.66;442.31
1050301061,105,3,1,快递箱,,行政区,,,,kdx,kdx,,1,501.02;-93.26;452.76
1050301062,105,3,1,快递箱,,囚犯活动区,,,,kdx,kdx,,1,456.57;-87.74;542.84
1050301063,105,3,1,快递箱,,囚犯活动区,,,,kdx,kdx,,1,454.24;-86.71;562.08
1050301064,105,3,1,快递箱,,行政区,,,,kdx,kdx,,2,448.25;-82.64;586.89
1050301065,105,3,1,快递箱,,囚犯活动区,,,,kdx,kdx,,1,456.70;-87.74;571.61
1050301066,105,3,1,快递箱,,囚犯活动区,,,,kdx,kdx,,1,451.54;-87.73;621.56
1050301067,105,3,1,快递箱,,囚犯活动区,,,,kdx,kdx,,1,497.00;-86.71;621.55
1050301068,105,3,1,快递箱,,囚犯活动区,,,,kdx,kdx,,1,489.91;-87.74;601.87
1050301069,105,3,1,快递箱,,囚犯活动区,,,,kdx,kdx,,1,431.08;-87.74;601.74
1050301070,105,3,1,快递箱,,囚犯活动区,,,,kdx,kdx,,1,428.67;-86.71;626.55
1050301071,105,3,1,快递箱,,囚犯活动区,,,,kdx,kdx,,2,411.59;-85.01;574.87
1050301072,105,3,1,快递箱,,医疗实验区,,,,kdx,kdx,,1,559.81;-87.72;469.74
1050301073,105,3,1,快递箱,,牢房,,,,kdx,kdx,,1,542.30;-92.82;518.72
1050301074,105,3,1,快递箱,,牢房,,,,kdx,kdx,,2,557.76;-82.69;555.96
1050301075,105,3,1,快递箱,,牢房,,,,kdx,kdx,,1,601.55;-93.30;523.85
1050301076,105,3,1,快递箱,,牢房,,,,kdx,kdx,,2,577.64;-82.66;525.68
1050301077,105,3,1,快递箱,,牢房,,,,kdx,kdx,,2,598.30;-82.26;555.56
1050301078,105,3,1,快递箱,,牢房,,,,kdx,kdx,,1,573.96;-88.00;522.10
1050301079,105,3,1,快递箱,,牢房,,,,kdx,kdx,,1,625.08;-92.82;543.99
1050301080,105,3,1,快递箱,,牢房,,,,kdx,kdx,,1,606.54;-93.30;553.26
1050301081,105,3,1,快递箱,,牢房,,,,kdx,kdx,,1,600.35;-88.00;569.84
1050301082,105,3,1,快递箱,,牢房,,,,kdx,kdx,,1,575.00;-88.00;603.73
1050301083,105,3,1,快递箱,,牢房,,,,kdx,kdx,,1,602.31;-93.30;611.40
1050301084,105,3,1,保险柜,,行政区,,,需要使用钥匙卡才能开启,bxx,bxx,,1,481.83;-93.95;417.91
1050301085,105,3,1,保险柜,,行政区,,,需要使用钥匙卡才能开启,bxx,bxx,,1,491.12;-87.74;407.26
1050301086,105,3,1,保险柜,,行政区,,,需要使用钥匙卡才能开启,bxx,bxx,,1,484.29;-87.74;412.70
1050301087,105,3,1,保险柜,,电梯井,,,需要使用钥匙卡才能开启,bxx,bxx,,1,503.89;-126.71;569.46
1050301088,105,3,1,保险柜,,囚犯活动区,,,,bxx,bxx,,1,433.12;-87.74;603.90
1050301089,105,3,1,保险柜,,囚犯活动区,,,需要使用钥匙卡才能开启,bxx,bxx,,1,497.53;-87.74;591.85
1050301090,105,3,1,保险柜,,行政区,,,,bxx,bxx,,1,509.93;-87.75;402.81
1050301091,105,3,1,保险柜,,禁闭区,,,需要使用钥匙卡才能开启,bxx,bxx,,1,599.19;-87.91;489.72
1050301092,105,3,1,保险柜,,禁闭区,,,需要使用钥匙卡才能开启,bxx,bxx,,1,616.48;-87.91;478.14
1050301093,105,3,1,保险柜,,禁闭区,,,需要使用钥匙卡才能开启,bxx,bxx,,1,617.40;-87.91;470.99
1050301094,105,3,1,保险柜,,电梯井,,,需要使用钥匙卡才能开启,bxx,bxx,,1,525.14;-120.20;528.89
1050301095,105,3,1,保险柜,,电梯井,,,,bxx,bxx,,,509.96;-145.27;542.68
1050301096,105,3,1,保险柜,,医疗实验区,,,需要使用钥匙卡才能开启,bxx,bxx,,1,600.12;-94.72;505.46
1050301097,105,3,1,保险柜,,牢房,,,,bxx,bxx,,2,599.00;-82.69;540.35
1050301098,105,3,1,保险柜,,潮汐控制室,,,需要使用钥匙卡才能开启,bxx,bxx,,1,528.99;-86.08;672.85
1050301099,105,3,1,大工具盒,,卸货区,,,,dgjx,dgjx,,1,396.38;-92.47;442.32
1050301100,105,3,1,大工具盒,,囚犯活动区,,,,dgjx,dgjx,,1,480.35;-86.31;611.83
1050301101,105,3,1,大工具盒,,东侧小岛,,,,dgjx,dgjx,,1,671.51;-88.98;247.93
1050301102,105,3,1,大工具盒,,禁闭区,,,,dgjx,dgjx,,1,633.53;-87.91;489.95
1050301103,105,3,1,大工具盒,,电梯井,,,,dgjx,dgjx,,1,511.23;-133.23;460.63
1050301104,105,3,1,大工具盒,,施工区,,,,dgjx,dgjx,,1,634.84;-94.91;641.38
1050301105,105,3,1,大工具盒,,东侧小岛,,,,dgjx,dgjx,,,708.69;-110.92;629.92
1050301106,105,3,1,大工具盒,,蓄水区,,,,dgjx,dgjx,,1,481.36;-93.87;316.00
1050301107,105,3,1,大工具盒,,卸货区,,,,dgjx,dgjx,,1,451.76;-87.81;453.43
1050301108,105,3,1,大工具盒,,牢房,,,,dgjx,dgjx,,3,461.42;-23.28;538.49
1050301109,105,3,1,大工具盒,,卸货区,,,,dgjx,dgjx,,1,426.86;-86.66;505.32
1050301110,105,3,1,大工具盒,,囚犯活动区,,,,dgjx,dgjx,,2,417.35;-85.01;544.27
1050301111,105,3,1,大工具盒,,水动力渠,,,,dgjx,dgjx,,1,410.95;-91.11;605.30
1050301112,105,3,1,大工具盒,,水动力渠,,,需要使用钥匙卡才能开启,dgjx,dgjx,,1,435.49;-92.45;578.02
1050301113,105,3,1,大工具盒,,电梯井,,,,dgjx,dgjx,,1,512.17;-131.95;477.79
1050301114,105,3,1,大工具盒,,医疗实验区,,,,dgjx,dgjx,,1,557.89;-87.72;464.54
1050301115,105,3,1,大工具盒,,电梯井,,,,dgjx,dgjx,,1,511.57;-113.64;510.61
1050301116,105,3,1,大工具盒,,潮汐控制室,,,需要使用钥匙卡才能开启,dgjx,dgjx,,1,534.97;-86.08;670.98
1050301117,105,3,1,大工具盒,,潮汐控制室,,,,dgjx,dgjx,,1,505.30;-102.33;649.17
1050301118,105,3,1,大工具盒,,牢房,,,需要使用钥匙卡才能开启,dgjx,dgjx,,1,608.58;-88.00;536.61
1050301119,105,3,1,大工具盒,,牢房,,,需要使用钥匙卡才能开启,dgjx,dgjx,,1,599.44;-93.30;568.40
1050301120,105,3,1,电脑包,,囚犯活动区,,,,dsb,dsb,,2,406.54;-84.10;545.16
1050301121,105,3,1,电脑包,,囚犯活动区,,,,dsb,dsb,,2,417.64;-81.88;566.02
1050301122,105,3,1,电脑包,,行政区,,,,dsb,dsb,,1,510.16;-92.36;487.83
1050301123,105,3,1,电脑包,,医疗实验区,,,,dsb,dsb,,1,556.99;-87.22;441.92
1050301124,105,3,1,小保险箱,,行政区,,,需要使用钥匙卡才能开启,xbxx,xbxx,,1,492.06;-86.87;411.18
1050301125,105,3,1,小保险箱,,蓄水区,,,,xbxx,xbxx,,1,529.71;-124.39;351.92
1050301126,105,3,1,小保险箱,,东侧小岛,,,,xbxx,xbxx,,1,694.52;-105.91;300.17
1050301127,105,3,1,小保险箱,,东侧小岛,,,,xbxx,xbxx,,,745.40;-119.18;494.86
1050301128,105,3,1,小保险箱,,东侧小岛,,,,xbxx,xbxx,,,719.75;-110.88;629.49
1050301129,105,3,1,小保险箱,,卸货区,,,需要使用钥匙卡才能开启,xbxx,xbxx,,1,395.48;-85.76;480.17
1050301130,105,3,1,小保险箱,,行政区,,,,xbxx,xbxx,,1,499.64;-87.74;406.35
1050301131,105,3,1,小保险箱,,行政区,,,,xbxx,xbxx,,1,442.26;-92.70;466.15
1050301132,105,3,1,小保险箱,,行动奖励,,,需要完成局内行动才能开启,xbxx,xbxx,,1,476.50;-93.15;474.96
1050301133,105,3,1,小保险箱,,行动奖励,,,需要完成局内行动才能开启,xbxx,xbxx,,1,479.35;-92.73;478.21
1050301134,105,3,1,小保险箱,,行动奖励,,,需要完成局内行动才能开启,xbxx,xbxx,,1,453.43;-86.49;599.56
1050301135,105,3,1,小保险箱,,医疗实验区,,,需要使用钥匙卡才能开启,xbxx,xbxx,,1,542.73;-93.29;450.27
1050301136,105,3,1,小保险箱,,牢房,,,需要使用钥匙卡才能开启,xbxx,xbxx,,1,554.38;-87.54;499.40
1050301137,105,3,1,小保险箱,,禁闭区,,,,xbxx,xbxx,,1,605.10;-87.89;428.39
1050301138,105,3,1,小保险箱,,行动奖励,,,需要完成局内行动才能开启,xbxx,xbxx,,1,565.12;-86.79;518.90
1050301139,105,3,1,小保险箱,,牢房,,,需要使用钥匙卡才能开启,xbxx,xbxx,,1,566.75;-87.96;584.69
1050301140,105,3,1,小保险箱,,牢房,,,需要使用钥匙卡才能开启,xbxx,xbxx,,1,562.60;-87.50;579.68
1050301141,105,3,1,小保险箱,,牢房,,,需要使用钥匙卡才能开启,xbxx,xbxx,,2,607.83;-82.26;525.81
1050301142,105,3,1,小保险箱,,牢房,,,需要使用钥匙卡才能开启,xbxx,xbxx,,2,598.78;-82.70;550.55
1050301143,105,3,1,小保险箱,,牢房,,,需要使用钥匙卡才能开启,xbxx,xbxx,,1,600.11;-88.00;559.32
1050301144,105,3,1,小保险箱,,牢房,,,需要使用钥匙卡才能开启,xbxx,xbxx,,1,607.91;-87.56;523.33
1050301145,105,3,1,小保险箱,,牢房,,,需要使用钥匙卡才能开启,xbxx,xbxx,,1,591.03;-92.82;592.08
1050301146,105,3,1,小保险箱,,牢房,,,需要使用钥匙卡才能开启,xbxx,xbxx,,2,571.55;-82.27;611.08
1050301147,105,3,1,小保险箱,,牢房,,,需要使用钥匙卡才能开启,xbxx,xbxx,,1,592.43;-87.50;618.09
1050301148,105,3,1,小保险箱,,牢房,,,需要使用钥匙卡才能开启,xbxx,xbxx,,1,613.53;-87.50;604.78
1050301149,105,3,1,藏匿物,,电梯井,,,,cnw,cnw,,3,421.35;-23.58;509.64
1050301150,105,3,1,藏匿物,,电梯井,,,,cnw,cnw,,3,396.23;-23.58;535.41
1050301151,105,3,1,藏匿物,,卸货区,,,,cnw,cnw,,1,431.27;-92.37;543.32
1050301152,105,3,1,藏匿物,,电梯井,,,,cnw,cnw,,3,573.60;-23.59;532.69
1050301153,105,3,1,藏匿物,,电梯井,,,,cnw,cnw,,3,597.15;-23.59;514.92
1050301154,105,3,1,手提箱,,行政区,,,,stx,stx,,1,496.70;-93.78;415.45
1050301155,105,3,1,手提箱,,行政区,,,,stx,stx,,1,451.86;-93.11;521.66
1050301156,105,3,1,手提箱,,行政区,,,,stx,stx,,1,528.14;-86.72;413.95
1050301157,105,3,1,手提箱,,医疗实验区,,,,stx,stx,,1,550.96;-92.56;424.91
1050301158,105,3,1,手提箱,,禁闭区,,,,stx,stx,,1,613.77;-87.90;451.13
1050301159,105,3,1,手提箱,,东侧小岛,,,,stx,stx,,,750.25;-91.47;653.10
1050301160,105,3,1,手提箱,,卸货区,,,需要使用钥匙卡才能开启,stx,stx,,1,396.66;-86.63;471.85
1050301161,105,3,1,手提箱,,行政区,,,,stx,stx,,1,499.91;-86.96;418.40
1050301162,105,3,1,手提箱,,行政区,,,,stx,stx,,1,496.28;-92.52;441.62
1050301163,105,3,1,手提箱,,行政区,,,,stx,stx,,1,452.78;-92.85;536.26
1050301164,105,3,1,手提箱,,牢房,,,,stx,stx,,3,453.60;-22.53;543.69
1050301165,105,3,1,手提箱,,囚犯活动区,,,,stx,stx,,2,406.67;-84.10;575.32
1050301166,105,3,1,手提箱,,行政区,,,,stx,stx,,1,516.08;-87.71;433.08
1050301167,105,3,1,手提箱,,医疗实验区,,,,stx,stx,,1,623.03;-92.31;478.10
1050301168,105,3,1,手提箱,,牢房,,,,stx,stx,,1,558.04;-91.94;525.90
1050301169,105,3,1,手提箱,,牢房,,,需要使用钥匙卡才能开启,stx,stx,,1,564.58;-93.29;578.99
1050301170,105,3,1,手提箱,,牢房,,,需要使用钥匙卡才能开启,stx,stx,,1,624.98;-92.81;521.67
1050301171,105,3,1,手提箱,,牢房,,,需要使用钥匙卡才能开启,stx,stx,,1,607.81;-92.82;558.56
1050301172,105,3,1,手提箱,,牢房,,,需要使用钥匙卡才能开启,stx,stx,,2,570.49;-82.71;584.10
1050301173,105,3,1,手提箱,,牢房,,,需要使用钥匙卡才能开启,stx,stx,,1,575.17;-93.30;576.07
1050301174,105,3,1,手提箱,,牢房,,,需要使用钥匙卡才能开启,stx,stx,,2,598.60;-82.26;584.20
1050301175,105,3,1,手提箱,,牢房,,,需要使用钥匙卡才能开启,stx,stx,,1,614.08;-87.98;602.75
1050301176,105,3,1,工具柜,,行政区,,,,gjg,gjg,,1,481.67;-93.90;427.75
1050301177,105,3,1,工具柜,,囚犯活动区,,,,gjg,gjg,,1,453.25;-87.74;616.39
1050301178,105,3,1,工具柜,,电梯井,,,,gjg,gjg,,,552.61;-139.73;475.87
1050301179,105,3,1,工具柜,,行政区,,,,gjg,gjg,,1,516.18;-93.95;411.47
1050301180,105,3,1,工具柜,,囚犯活动区,,,,gjg,gjg,,2,447.65;-82.62;614.06
1050301181,105,3,1,工具柜,,电梯井,,,,gjg,gjg,,,542.72;-139.34;489.73
1050301182,105,3,1,登山包,,行政区,,,,dsb,dsb,,1,503.52;-93.92;425.65
1050301183,105,3,1,登山包,,行政区,,,,dsb,dsb,,1,479.46;-93.22;461.85
1050301184,105,3,1,登山包,,囚犯活动区,,,,dsb,dsb,,2,476.54;-82.63;596.07
1050301185,105,3,1,登山包,,蓄水区,,,,dsb,dsb,,,539.77;-119.66;372.33
1050301186,105,3,1,登山包,,东侧小岛,,,,dsb,dsb,,,724.13;-90.63;391.64
1050301187,105,3,1,登山包,,蓄水区,,,,dsb,dsb,,1,594.82;-97.55;289.72
1050301188,105,3,1,登山包,,禁闭区,,,需要使用钥匙卡才能开启,dsb,dsb,,1,601.12;-87.89;489.47
1050301189,105,3,1,登山包,,禁闭区,,,需要使用钥匙卡才能开启,dsb,dsb,,1,615.37;-87.91;476.59
1050301190,105,3,1,登山包,,电梯井,,,需要使用钥匙卡才能开启,dsb,dsb,,1,510.34;-126.69;572.28
1050301191,105,3,1,登山包,,囚犯活动区,,,,dsb,dsb,,1,448.16;-87.74;557.93
1050301192,105,3,1,登山包,,牢房,,,,dsb,dsb,,1,454.62;-102.98;581.19
1050301193,105,3,1,登山包,,牢房,,,需要使用钥匙卡才能开启,dsb,dsb,,1,556.95;-87.63;498.97
1050301194,105,3,1,登山包,,牢房,,,需要使用钥匙卡才能开启,dsb,dsb,,1,564.87;-93.29;577.01
1050301195,105,3,1,登山包,,牢房,,,需要使用钥匙卡才能开启,dsb,dsb,,1,625.64;-93.30;551.70
1050301196,105,3,1,登山包,,牢房,,,需要使用钥匙卡才能开启,dsb,dsb,,2,607.76;-82.29;553.03
1050301197,105,3,1,登山包,,牢房,,,需要使用钥匙卡才能开启,dsb,dsb,,2,598.56;-82.20;528.24
1050301198,105,3,1,登山包,,牢房,,,需要使用钥匙卡才能开启,dsb,dsb,,1,598.60;-92.82;566.48
1050301199,105,3,1,登山包,,牢房,,,需要使用钥匙卡才能开启,dsb,dsb,,1,600.40;-87.52;554.83
1050301200,105,3,1,登山包,,牢房,,,需要使用钥匙卡才能开启,dsb,dsb,,1,627.94;-88.00;552.16
1050301201,105,3,1,登山包,,牢房,,,需要使用钥匙卡才能开启,dsb,dsb,,2,568.26;-82.72;585.35
1050301202,105,3,1,登山包,,牢房,,,需要使用钥匙卡才能开启,dsb,dsb,,2,575.79;-82.66;568.22
1050301203,105,3,1,登山包,,牢房,,,需要使用钥匙卡才能开启,dsb,dsb,,1,576.91;-92.89;576.05
1050301204,105,3,1,登山包,,牢房,,,需要使用钥匙卡才能开启,dsb,dsb,,1,572.17;-87.98;578.42
1050301205,105,3,1,工具柜,,电梯井,,,,gjg,gjg,,1,459.01;-133.23;477.65
1050301206,105,3,1,工具柜,,行政区,,,需要使用钥匙卡才能开启,gjg,gjg,,1,487.74;-93.95;417.56
1050301207,105,3,1,工具柜,,卸货区,,,,gjg,gjg,,1,423.40;-92.45;445.10
1050301208,105,3,1,工具柜,,水动力渠,,,,gjg,gjg,,1,375.18;-90.32;592.85
1050301209,105,3,1,工具柜,,水动力渠,,,,gjg,gjg,,1,416.51;-92.45;550.87
1050301210,105,3,1,工具柜,,牢房,,,,gjg,gjg,,1,443.92;-100.10;589.89
1050301211,105,3,1,工具柜,,囚犯活动区,,,,gjg,gjg,,1,497.51;-87.74;626.97
1050301212,105,3,1,工具柜,,囚犯活动区,,,,gjg,gjg,,1,482.54;-87.74;601.83
1050301213,105,3,1,工具柜,,囚犯活动区,,,,gjg,gjg,,2,420.64;-85.01;578.65
1050301214,105,3,1,工具柜,,电梯井,,,,gjg,gjg,,,531.92;-139.71;480.48
1050301215,105,3,1,工具柜,,电梯井,,,,gjg,gjg,,,543.43;-139.33;482.46
1050301216,105,3,1,工具柜,,行政区,,,,gjg,gjg,,1,522.21;-93.95;428.28
1050301217,105,3,1,工具柜,,蓄水区,,,,gjg,gjg,,,578.05;-102.45;384.50
1050301218,105,3,1,工具柜,,东侧小岛,,,,gjg,gjg,,2,723.14;-78.17;340.63
1050301219,105,3,1,工具柜,,施工区,,,,gjg,gjg,,2,626.09;-77.53;660.45
1050301220,105,3,1,工具柜,,施工区,,,,gjg,gjg,,1,586.22;-88.01;639.52
1050301221,105,3,1,工具柜,,潮汐控制室,,,,gjg,gjg,,1,512.17;-87.55;655.28
1050301222,105,3,1,工具柜,,潮汐控制室,,,,gjg,gjg,,1,526.32;-102.18;668.31
1050301223,105,3,1,工具柜,,东侧小岛,,,,gjg,gjg,,,725.69;-115.37;517.46
1050301224,105,3,1,工具柜,,东侧小岛,,,,gjg,gjg,,,674.56;-94.27;695.91
1050301225,105,3,1,工具柜,,施工区,,,,gjg,gjg,,1,639.53;-94.42;643.22
1050301226,105,3,1,工具柜,,东侧小岛,,,,gjg,gjg,,,775.77;-92.73;622.27
1050301227,105,3,1,工具柜,,卸货区,,,,gjg,gjg,,1,399.01;-86.64;464.59
1050301228,105,3,1,高级旅行箱,,行动奖励,,,需要完成局内行动才能开启,xlx,xlx,,1,473.42;-93.22;476.15
1050301229,105,3,1,高级旅行箱,,牢房,,,,xlx,xlx,,1,453.94;-100.17;573.19
1050301230,105,3,1,高级旅行箱,,囚犯活动区,,,,xlx,xlx,,1,482.00;-87.74;622.98
1050301231,105,3,1,高级旅行箱,,囚犯活动区,,,,xlx,xlx,,2,483.75;-82.64;575.55
1050301232,105,3,1,高级旅行箱,,囚犯活动区,,,,xlx,xlx,,1,445.35;-87.80;643.22
1050301233,105,3,1,高级旅行箱,,行政区,,,,xlx,xlx,,1,521.27;-87.73;404.05
1050301234,105,3,1,高级旅行箱,,行政区,,,,xlx,xlx,,1,514.71;-93.95;404.16
1050301235,105,3,1,高级旅行箱,,医疗实验区,,,,xlx,xlx,,1,595.16;-93.26;454.77
1050301236,105,3,1,高级旅行箱,,东侧小岛,,,,xlx,xlx,,,724.38;-87.95;624.73
1050301237,105,3,1,高级旅行箱,,行政区,,,,xlx,xlx,,1,462.97;-93.25;481.25
1050301238,105,3,1,高级旅行箱,,行政区,,,,xlx,xlx,,1,455.80;-87.62;496.78
1050301239,105,3,1,高级旅行箱,,牢房,,,,xlx,xlx,,1,457.26;-100.08;570.33
1050301240,105,3,1,高级旅行箱,,囚犯活动区,,,,xlx,xlx,,1,493.75;-87.73;642.86
1050301241,105,3,1,高级旅行箱,,行政区,,,,xlx,xlx,,1,531.54;-87.70;423.10
1050301242,105,3,1,高级旅行箱,,牢房,,,需要使用钥匙卡才能开启,xlx,xlx,,1,538.54;-93.32;501.66
1050301243,105,3,1,高级旅行箱,,牢房,,,,xlx,xlx,,3,544.98;-22.99;537.39
1050301244,105,3,1,高级旅行箱,,牢房,,,,xlx,xlx,,1,566.35;-93.30;574.47
1050301245,105,3,1,高级旅行箱,,牢房,,,需要使用钥匙卡才能开启,xlx,xlx,,1,605.06;-93.30;557.42
1050301246,105,3,1,高级旅行箱,,牢房,,,需要使用钥匙卡才能开启,xlx,xlx,,1,625.58;-93.30;523.85
1050301247,105,3,1,高级旅行箱,,牢房,,,需要使用钥匙卡才能开启,xlx,xlx,,2,607.02;-82.70;550.73
1050301248,105,3,1,高级旅行箱,,牢房,,,需要使用钥匙卡才能开启,xlx,xlx,,2,599.09;-82.68;530.45
1050301249,105,3,1,高级旅行箱,,牢房,,,,xlx,xlx,,1,626.50;-93.30;576.42
1050301250,105,3,1,高级旅行箱,,牢房,,,需要使用钥匙卡才能开启,xlx,xlx,,2,597.41;-82.69;583.42
1050301251,105,3,1,高级旅行箱,,牢房,,,需要使用钥匙卡才能开启,xlx,xlx,,2,577.54;-82.68;570.64
1050301252,105,3,1,高级旅行箱,,牢房,,,需要使用钥匙卡才能开启,xlx,xlx,,1,612.97;-87.99;608.49
1050301253,105,3,1,高级旅行箱,,牢房,,,需要使用钥匙卡才能开启,xlx,xlx,,1,567.41;-87.99;571.61
1050301254,105,3,1,野外物资箱,,电梯井,,,,ywwzx,ywwzx,,1,492.32;-133.22;485.33
1050301255,105,3,1,野外物资箱,,电梯井,,,,ywwzx,ywwzx,,1,492.33;-136.23;490.64
1050301256,105,3,1,野外物资箱,,行政区,,,,ywwzx,ywwzx,,1,445.34;-92.15;491.40
1050301257,105,3,1,野外物资箱,,行政区,,,,ywwzx,ywwzx,,1,480.60;-87.71;435.86
1050301258,105,3,1,野外物资箱,,水动力渠,,,,ywwzx,ywwzx,,1,413.70;-92.41;606.21
1050301259,105,3,1,野外物资箱,,囚犯活动区,,,,ywwzx,ywwzx,,1,448.90;-87.72;552.25
1050301260,105,3,1,野外物资箱,,囚犯活动区,,,,ywwzx,ywwzx,,2,439.43;-82.15;540.77
1050301261,105,3,1,野外物资箱,,囚犯活动区,,,,ywwzx,ywwzx,,2,483.30;-82.61;618.84
1050301262,105,3,1,野外物资箱,,囚犯活动区,,,,ywwzx,ywwzx,,2,436.68;-82.71;594.76
1050301263,105,3,1,野外物资箱,,囚犯活动区,,,,ywwzx,ywwzx,,2,434.90;-81.00;560.28
1050301264,105,3,1,野外物资箱,,囚犯活动区,,,,ywwzx,ywwzx,,2,450.53;-82.63;600.01
1050301265,105,3,1,野外物资箱,,行政区,,,,ywwzx,ywwzx,,1,506.49;-87.63;488.18
1050301266,105,3,1,野外物资箱,,牢房,,,,ywwzx,ywwzx,,1,619.78;-87.91;495.67
1050301267,105,3,1,野外物资箱,,牢房,,,,ywwzx,ywwzx,,1,569.31;-93.30;620.04
1050301268,105,3,1,野外物资箱,,水动力渠,,,,ywwzx,ywwzx,,1,393.27;-89.94;564.14
1050301269,105,3,1,鸟窝,,西瞭望台区,,,,nw,nw,,3,348.85;-61.41;357.71
1050301270,105,3,1,鸟窝,,西瞭望台区,,,,nw,nw,,1,390.51;-92.22;330.64
1050301271,105,3,1,鸟窝,,牢房,,,,nw,nw,,3,374.94;-22.78;549.48
1050301272,105,3,1,鸟窝,,西瞭望台区,,,,nw,nw,,3,353.36;-36.66;518.89
1050301273,105,3,1,鸟窝,,电梯井,,,,nw,nw,,3,630.17;-23.52;494.03
1050301274,105,3,1,鸟窝,,东瞭望台区,,,,nw,nw,,2,612.07;-81.29;352.39
1050301275,105,3,1,鸟窝,,东瞭望台区,,,,nw,nw,,3,661.97;-61.74;345.14
1050301276,105,3,1,鸟窝,,东侧小岛,,,,nw,nw,,2,685.42;-76.19;639.33
1050301277,105,3,1,鸟窝,,东侧小岛,,,,nw,nw,,3,668.99;-61.52;621.95
1050301278,105,3,1,鸟窝,,东侧小岛,,,,nw,nw,,3,759.41;-66.29;540.19
1050301279,105,3,1,大武器箱,,行政区,,,,dwqx,dwqx,,1,459.97;-93.26;462.32
1050301280,105,3,1,大武器箱,,行政区,,,,dwqx,dwqx,,1,461.67;-87.67;448.99
1050301281,105,3,1,大武器箱,,行政区,,,,dwqx,dwqx,,1,491.89;-87.67;499.81
1050301282,105,3,1,大武器箱,,卸货区,,,,dwqx,dwqx,,1,388.44;-91.69;471.28
1050301283,105,3,1,大武器箱,,水动力渠,,,,dwqx,dwqx,,1,411.79;-92.45;570.25
1050301284,105,3,1,大武器箱,,囚犯活动区,,,,dwqx,dwqx,,1,447.87;-87.67;522.68
1050301285,105,3,1,大武器箱,,囚犯活动区,,,,dwqx,dwqx,,2,416.92;-85.01;555.41
1050301286,105,3,1,大武器箱,,囚犯活动区,,,,dwqx,dwqx,,1,476.93;-87.74;643.61
1050301287,105,3,1,大武器箱,,行政区,,,,dwqx,dwqx,,1,522.76;-87.72;423.24
1050301288,105,3,1,大武器箱,,行政区,,,,dwqx,dwqx,,1,513.93;-87.74;418.82
1050301289,105,3,1,大武器箱,,医疗实验区,,,,dwqx,dwqx,,1,571.53;-87.72;462.94
1050301290,105,3,1,大武器箱,,医疗实验区,,,,dwqx,dwqx,,1,629.04;-93.21;478.04
1050301291,105,3,1,大武器箱,,禁闭区,,,,dwqx,dwqx,,1,621.41;-87.91;441.46
1050301292,105,3,1,大武器箱,,牢房,,,,dwqx,dwqx,,1,592.79;-87.99;541.67
1050301293,105,3,1,大武器箱,,牢房,,,,dwqx,dwqx,,1,538.62;-93.31;507.23
1050301294,105,3,1,大武器箱,,行政区,,,,dwqx,dwqx,,1,479.35;-93.26;495.72
1050301295,105,3,1,大武器箱,,牢房,,,,dwqx,dwqx,,1,529.15;-87.72;610.23
1050301296,105,3,1,高级储物箱,,囚犯活动区,,,需要使用钥匙卡才能开启,gjcwx,gjcwx,,1,495.31;-87.74;579.54
1050301297,105,3,1,高级储物箱,,电梯井,,,需要使用钥匙卡才能开启,gjcwx,gjcwx,,1,524.66;-120.19;521.93
1050301298,105,3,1,高级储物箱,,潮汐控制室,,,,gjcwx,gjcwx,,1,515.29;-87.58;662.87
1050301299,105,3,1,高级储物箱,,行政区,,,需要使用钥匙卡才能开启,gjcwx,gjcwx,,2,464.76;-84.52;490.27
1050301300,105,3,1,高级储物箱,,囚犯活动区,,,,gjcwx,gjcwx,,1,459.27;-87.72;580.74
1050301301,105,3,1,高级储物箱,,囚犯活动区,,,,gjcwx,gjcwx,,1,472.44;-87.68;565.53
1050301302,105,3,1,高级储物箱,,行政区,,,,gjcwx,gjcwx,,1,507.99;-92.48;484.69
1050301303,105,3,1,高级储物箱,,医疗实验区,,,,gjcwx,gjcwx,,2,566.79;-83.87;449.64
1050301304,105,3,1,高级储物箱,,医疗实验区,,,需要使用钥匙卡才能开启,gjcwx,gjcwx,,1,541.73;-93.27;446.30
1050301305,105,3,1,高级储物箱,,牢房,,,需要使用钥匙卡才能开启,gjcwx,gjcwx,,1,547.82;-93.29;501.26
1050301306,105,3,1,高级储物箱,,东侧小岛,,,,gjcwx,gjcwx,,,755.41;-120.41;441.44
1050301307,105,3,1,高级储物箱,,牢房,,,需要使用钥匙卡才能开启,gjcwx,gjcwx,,1,624.60;-88.00;544.00
1050301308,105,3,1,高级储物箱,,牢房,,,需要使用钥匙卡才能开启,gjcwx,gjcwx,,1,605.21;-87.55;524.71
1050301309,105,3,1,高级储物箱,,牢房,,,需要使用钥匙卡才能开启,gjcwx,gjcwx,,1,589.06;-87.99;622.66
1050301310,105,3,1,高级储物箱,,东侧小岛,,,,gjcwx,gjcwx,,,708.06;-111.21;617.87
1050301311,105,3,1,高级储物箱,,蓄水区,,,,gjcwx,gjcwx,,1,460.87;-101.66;320.00
1050301312,105,3,1,高级储物箱,,电梯井,,,,gjcwx,gjcwx,,,467.34;-139.64;502.01
1050301313,105,3,1,高级储物箱,,行动奖励,,,需要完成局内行动才能开启,gjcwx,gjcwx,,1,452.16;-87.72;600.23
1050301314,105,3,1,高级储物箱,,牢房,,,,gjcwx,gjcwx,,1,453.43;-102.99;574.07
1050301315,105,3,1,高级储物箱,,潮汐控制室,,,,gjcwx,gjcwx,,1,501.05;-87.55;657.01
1050301316,105,3,1,高级储物箱,,电梯井,,,,gjcwx,gjcwx,,,546.98;-154.95;486.82
1050301317,105,3,1,高级储物箱,,东侧小岛,,,,gjcwx,gjcwx,,1,692.36;-107.83;291.05
1050301318,105,3,1,高级储物箱,,行动奖励,,,需要完成局内行动才能开启,gjcwx,gjcwx,,1,566.66;-87.95;516.53
1050301319,105,3,1,高级储物箱,,潮汐控制室,,,,gjcwx,gjcwx,,1,530.77;-102.20;661.12
1050301320,105,3,1,高级储物箱,,东侧小岛,,,,gjcwx,gjcwx,,,701.23;-121.47;533.93
1050301321,105,3,1,航空储物箱,,行政区,,,,hkcwx,hkcwx,,1,485.52;-93.26;448.65
1050301322,105,3,1,航空储物箱,,卸货区,,,,hkcwx,hkcwx,,1,382.23;-86.65;476.31
1050301323,105,3,1,航空储物箱,,卸货区,,,,hkcwx,hkcwx,,1,403.80;-101.20;443.03
1050301324,105,3,1,航空储物箱,,卸货区,,,,hkcwx,hkcwx,,1,382.04;-89.47;446.63
1050301325,105,3,1,航空储物箱,,行动奖励,,,需要完成局内行动才能开启,hkcwx,hkcwx,,1,448.82;-87.74;595.15
1050301326,105,3,1,航空储物箱,,水动力渠,,,,hkcwx,hkcwx,,1,384.58;-89.09;582.36
1050301327,105,3,1,航空储物箱,,囚犯活动区,,,,hkcwx,hkcwx,,2,426.37;-85.01;568.92
1050301328,105,3,1,航空储物箱,,电梯井,,,,hkcwx,hkcwx,,,506.84;-147.20;486.55
1050301329,105,3,1,航空储物箱,,医疗实验区,,,需要使用钥匙卡才能开启,hkcwx,hkcwx,,1,609.18;-94.64;487.33
1050301330,105,3,1,航空储物箱,,电梯井,,,,hkcwx,hkcwx,,,507.12;-145.90;565.34
1050301331,105,3,1,服务器,,卸货区,,,,fwq,fwq,,1,430.84;-86.64;510.08
1050301332,105,3,1,服务器,,行政区,,,,fwq,fwq,,1,512.76;-92.48;494.50
1050301333,105,3,1,服务器,,医疗实验区,,,需要使用钥匙卡才能开启,fwq,fwq,,1,603.71;-94.71;505.60
1050301334,105,3,1,服务器,,电梯井,,,,fwq,fwq,,1,502.89;-133.20;461.39
1050301335,105,3,1,服务器,,牢房,,,,fwq,fwq,,1,500.36;-113.62;590.28
1050301336,105,3,1,服务器,,水动力渠,,,需要使用钥匙卡才能开启,fwq,fwq,,1,435.69;-92.42;561.37
1050301337,105,3,1,服务器,,水动力渠,,,需要使用钥匙卡才能开启,fwq,fwq,,1,434.95;-92.42;567.56
1050301338,105,3,1,服务器,,禁闭区,,,,fwq,fwq,,1,611.27;-87.89;427.52
1050301339,105,3,1,服务器,,禁闭区,,,需要使用钥匙卡才能开启,fwq,fwq,,1,619.53;-87.88;469.91
1050301340,105,3,1,服务器,,行动奖励,,,需要完成局内行动才能开启,fwq,fwq,,1,563.72;-87.93;517.86
1050301341,105,3,1,服务器,,医疗实验区,,,需要使用钥匙卡才能开启,fwq,fwq,,1,607.28;-94.70;505.60
1050301342,105,3,1,医疗物资堆,,医疗实验区,,,,ylwzd,ylwzd,,1,550.25;-93.29;459.11
1050301343,105,3,1,医疗物资堆,,卸货区,,,,ylwzd,ylwzd,,2,379.82;-83.83;433.55
1050301344,105,3,1,医疗物资堆,,医疗实验区,,,,ylwzd,ylwzd,,1,552.15;-93.26;492.98
1050301345,105,3,1,医疗物资堆,,医疗实验区,,,,ylwzd,ylwzd,,1,584.09;-93.26;461.82
1050301346,105,3,1,医疗物资堆,,医疗实验区,,,,ylwzd,ylwzd,,1,548.69;-93.29;473.91
1050301347,105,3,1,医疗物资堆,,医疗实验区,,,,ylwzd,ylwzd,,1,566.00;-93.25;462.18
1050301348,105,3,1,医疗物资堆,,医疗实验区,,,,ylwzd,ylwzd,,1,618.41;-93.21;467.12
1050301349,105,3,1,旅行袋,,禁闭区,,,,lxd,lxd,,1,634.48;-93.21;431.19
1050301350,105,3,1,旅行袋,,卸货区,,,,lxd,lxd,,1,378.41;-92.50;423.78
1050301351,105,3,1,旅行袋,,蓄水区,,,,lxd,lxd,,1,498.71;-123.56;352.51
1050301352,105,3,1,旅行袋,,行政区,,,,lxd,lxd,,1,451.53;-93.26;439.93
1050301353,105,3,1,旅行袋,,行政区,,,,lxd,lxd,,1,494.16;-87.71;423.11
1050301354,105,3,1,旅行袋,,行政区,,,,lxd,lxd,,1,464.33;-87.10;460.67
1050301355,105,3,1,旅行袋,,行政区,,,,lxd,lxd,,1,484.89;-92.71;464.15
1050301356,105,3,1,旅行袋,,行政区,,,,lxd,lxd,,1,464.14;-92.47;519.96
1050301357,105,3,1,旅行袋,,牢房,,,,lxd,lxd,,1,459.65;-100.07;564.20
1050301358,105,3,1,旅行袋,,牢房,,,,lxd,lxd,,1,457.64;-100.08;601.63
1050301359,105,3,1,旅行袋,,囚犯活动区,,,,lxd,lxd,,2,471.96;-82.64;569.50
1050301360,105,3,1,旅行袋,,囚犯活动区,,,,lxd,lxd,,2,404.57;-85.01;542.79
1050301361,105,3,1,旅行袋,,卸货区,,,,lxd,lxd,,1,416.72;-92.45;593.52
1050301362,105,3,1,旅行袋,,囚犯活动区,,,,lxd,lxd,,1,430.46;-87.74;629.95
1050301363,105,3,1,旅行袋,,行政区,,,,lxd,lxd,,1,532.99;-87.70;424.70
1050301364,105,3,1,旅行袋,,蓄水区,,,,lxd,lxd,,,521.62;-103.85;378.94
1050301365,105,3,1,旅行袋,,牢房,,,,lxd,lxd,,1,538.53;-87.99;498.69
1050301366,105,3,1,旅行袋,,医疗实验区,,,,lxd,lxd,,1,576.50;-87.72;464.72
1050301367,105,3,1,旅行袋,,医疗实验区,,,,lxd,lxd,,1,600.42;-93.20;471.03
1050301368,105,3,1,旅行袋,,医疗实验区,,,,lxd,lxd,,1,594.30;-93.19;478.29
1050301369,105,3,1,旅行袋,,医疗实验区,,,,lxd,lxd,,1,595.21;-93.19;473.59
1050301370,105,3,1,旅行袋,,医疗实验区,,,,lxd,lxd,,1,608.95;-87.91;450.32
1050301371,105,3,1,旅行袋,,电梯井,,,,lxd,lxd,,3,556.00;-22.71;546.15
1050301372,105,3,1,旅行袋,,牢房,,,,lxd,lxd,,1,544.80;-91.94;510.16
1050301373,105,3,1,旅行袋,,牢房,,,,lxd,lxd,,1,542.42;-87.55;520.97
1050301374,105,3,1,旅行袋,,牢房,,,,lxd,lxd,,1,518.32;-87.69;627.62
1050301375,105,3,1,旅行袋,,牢房,,,,lxd,lxd,,1,576.75;-92.87;525.38
1050301376,105,3,1,旅行袋,,牢房,,,,lxd,lxd,,2,598.64;-82.20;522.70
1050301377,105,3,1,衣服,,囚犯活动区,,,,yf,yf,,1,487.29;-87.74;642.47
1050301378,105,3,1,衣服,,囚犯活动区,,,,yf,yf,,1,420.25;-87.74;608.36
1050301379,105,3,1,衣服,,囚犯活动区,,,,yf,yf,,1,432.55;-87.74;609.54
1050301380,105,3,1,衣服,,囚犯活动区,,,,yf,yf,,1,410.99;-87.74;599.82
1050301381,105,3,1,衣服,,囚犯活动区,,,,yf,yf,,1,425.90;-86.71;602.73
1050301382,105,3,1,衣服,,囚犯活动区,,,,yf,yf,,1,409.00;-87.74;602.05
1050301383,105,3,1,衣服,,牢房,,,,yf,yf,,1,538.37;-87.09;502.27
1050301384,105,3,1,衣服,,禁闭区,,,,yf,yf,,1,597.57;-87.34;473.36
1050301385,105,3,1,衣服,,牢房,,,需要使用钥匙卡才能开启,yf,yf,,1,626.82;-88.00;546.00
1050301386,105,3,1,电脑机箱,,行政区,,,,dnjx,dnjx,,1,509.11;-93.26;452.13
1050301387,105,3,1,电脑机箱,,禁闭区,,,需要使用钥匙卡才能开启,dnjx,dnjx,,1,612.84;-87.00;468.96
1050301388,105,3,1,电脑机箱,,禁闭区,,,需要使用钥匙卡才能开启,dnjx,dnjx,,1,612.90;-87.91;469.99
1050301389,105,3,1,电脑机箱,,牢房,,,,dnjx,dnjx,,1,549.22;-87.44;605.30
1050301390,105,3,1,电脑机箱,,牢房,,,,dnjx,dnjx,,1,600.11;-93.30;541.19
1050301391,105,3,1,电脑机箱,,卸货区,,,需要使用钥匙卡才能开启,dnjx,dnjx,,1,395.66;-86.65;477.77
1050301392,105,3,1,电脑机箱,,行政区,,,,dnjx,dnjx,,1,462.21;-87.62;502.49
1050301393,105,3,1,电脑机箱,,行政区,,,,dnjx,dnjx,,1,503.23;-93.26;456.48
1050301394,105,3,1,电脑机箱,,行政区,,,需要使用钥匙卡才能开启,dnjx,dnjx,,2,461.61;-84.52;490.41
1050301395,105,3,1,电脑机箱,,行政区,,,需要使用钥匙卡才能开启,dnjx,dnjx,,2,463.62;-84.51;488.04
1050301396,105,3,1,电脑机箱,,电梯井,,,,dnjx,dnjx,,3,466.98;-22.50;546.56
1050301397,105,3,1,电脑机箱,,行政区,,,,dnjx,dnjx,,1,474.91;-93.57;529.26
1050301398,105,3,1,电脑机箱,,行政区,,,,dnjx,dnjx,,1,505.08;-87.69;428.37
1050301399,105,3,1,电脑机箱,,行政区,,,,dnjx,dnjx,,1,512.58;-93.25;466.72
1050301400,105,3,1,电脑机箱,,医疗实验区,,,,dnjx,dnjx,,1,555.54;-87.23;457.48
1050301401,105,3,1,电脑机箱,,医疗实验区,,,,dnjx,dnjx,,2,555.58;-83.87;464.42
1050301402,105,3,1,电脑机箱,,牢房,,,,dnjx,dnjx,,1,607.78;-93.30;601.16
1050301403,105,3,1,电脑包,,行政区,,,,dsb,dsb,,1,468.73;-86.49;514.30
1050301404,105,3,1,电脑包,,医疗实验区,,,,dsb,dsb,,1,553.57;-92.37;484.27
1050301405,105,3,1,电脑包,,医疗实验区,,,,dsb,dsb,,1,612.57;-93.19;437.94
1050301406,105,3,1,医疗包,,医疗实验区,,,,ylb,ylb,,1,555.35;-92.48;465.14
1050301407,105,3,1,医疗包,,行政区,,,,ylb,ylb,,1,461.40;-87.67;436.97
1050301408,105,3,1,医疗包,,行政区,,,,ylb,ylb,,1,494.04;-93.64;418.59
1050301409,105,3,1,医疗包,,囚犯活动区,,,,ylb,ylb,,2,471.47;-81.68;564.96
1050301410,105,3,1,医疗包,,囚犯活动区,,,,ylb,ylb,,1,497.38;-87.14;640.74
1050301411,105,3,1,医疗包,,医疗实验区,,,,ylb,ylb,,1,549.59;-93.29;438.41
1050301412,105,3,1,医疗包,,医疗实验区,,,,ylb,ylb,,1,558.01;-87.72;427.71
1050301413,105,3,1,医疗包,,医疗实验区,,,,ylb,ylb,,1,544.64;-93.29;470.93
1050301414,105,3,1,医疗包,,医疗实验区,,,,ylb,ylb,,1,573.79;-93.28;446.74
1050301415,105,3,1,医疗包,,医疗实验区,,,,ylb,ylb,,1,607.87;-92.16;463.99
1050301416,105,3,1,医疗包,,医疗实验区,,,,ylb,ylb,,1,608.33;-92.16;472.46
1050301417,105,3,1,快递箱,,行政区,,,,kdx,kdx,,1,477.20;-87.62;498.37
1050301418,105,3,1,快递箱,,行政区,,,,kdx,kdx,,1,453.44;-93.58;514.68
1050301419,105,3,1,快递箱,,行政区,,,,kdx,kdx,,1,457.64;-92.13;506.09
1050301420,105,3,1,快递箱,,行政区,,,,kdx,kdx,,1,451.57;-87.67;536.63
1050301421,105,3,1,快递箱,,行政区,,,,kdx,kdx,,1,531.15;-87.70;429.77
1050301422,105,3,1,快递箱,,行政区,,,,kdx,kdx,,1,516.52;-87.72;426.98
1050301423,105,3,1,快递箱,,行政区,,,,kdx,kdx,,1,528.31;-86.72;406.27
1050301424,105,3,1,快递箱,,医疗实验区,,,,kdx,kdx,,1,552.71;-92.20;467.62
1050301425,105,3,1,快递箱,,医疗实验区,,,,kdx,kdx,,1,555.28;-93.26;484.17
1050301426,105,3,1,快递箱,,医疗实验区,,,,kdx,kdx,,1,562.67;-86.36;458.04
1050301427,105,3,1,快递箱,,医疗实验区,,,,kdx,kdx,,1,553.57;-86.79;468.90
1050301428,105,3,1,快递箱,,牢房,,,,kdx,kdx,,1,549.60;-93.31;500.67
1050301429,105,3,1,快递箱,,医疗实验区,,,,kdx,kdx,,1,598.89;-93.26;437.14
1050301430,105,3,1,快递箱,,医疗实验区,,,,kdx,kdx,,1,582.89;-92.16;481.71
1050301431,105,3,1,快递箱,,禁闭区,,,,kdx,kdx,,1,598.10;-87.91;471.84
1050301432,105,3,1,快递箱,,禁闭区,,,,kdx,kdx,,1,618.60;-87.91;454.30
1050301433,105,3,1,快递箱,,牢房,,,,kdx,kdx,,1,598.44;-92.87;549.97
1050301434,105,3,1,电脑,,施工区,,,,dn,dn,,1,604.84;-85.61;646.92
1050301435,105,3,1,电脑,,行政区,,,,dn,dn,,1,463.11;-92.41;465.55
1050301436,105,3,1,电脑,,行动奖励,,,需要完成局内行动才能开启,dn,dn,,1,477.40;-92.61;476.61
1050301437,105,3,1,电脑,,行动奖励,,,需要完成局内行动才能开启,dn,dn,,1,449.13;-86.48;592.36
1050301438,105,3,1,电脑,,医疗实验区,,,,dn,dn,,1,562.29;-92.57;454.25
1050301439,105,3,1,电脑,,电梯井,,,,dn,dn,,1,508.32;-87.29;541.24
1050301440,105,3,1,电脑,,行动奖励,,,需要完成局内行动才能开启,dn,dn,,1,566.73;-86.81;518.73
1050301441,105,3,1,电脑,,潮汐控制室,,,,dn,dn,,2,536.62;-85.03;652.11
1050301442,105,3,1,三角蚌,,水动力渠,,,,sjb,sjb,,1,406.03;-102.05;630.84
1050301443,105,3,1,三角蚌,,蓄水区,,,,sjb,sjb,,1,517.35;-127.72;357.05
1050301444,105,3,1,三角蚌,,东侧小岛,,,,sjb,sjb,,1,713.07;-96.59;283.97
1050301445,105,3,1,三角蚌,,东侧小岛,,,,sjb,sjb,,1,738.73;-109.22;321.01
1050301446,105,3,1,三角蚌,,东侧小岛,,,,sjb,sjb,,,713.57;-87.98;386.51
1050301447,105,3,1,三角蚌,,东侧小岛,,,,sjb,sjb,,,753.89;-111.61;460.69
1050301448,105,3,1,三角蚌,,蓄水区,,,,sjb,sjb,,1,571.92;-96.33;354.44
1050301449,105,3,1,三角蚌,,东侧小岛,,,,sjb,sjb,,,701.52;-113.79;594.58
1050301450,105,3,1,三角蚌,,东侧小岛,,,,sjb,sjb,,2,726.56;-83.81;612.72
1050301451,105,3,1,三角蚌,,东侧小岛,,,,sjb,sjb,,,708.34;-117.58;573.28
1050301452,105,3,1,三角蚌,,东侧小岛,,,,sjb,sjb,,,719.80;-104.19;641.47
1050301453,105,3,1,三角蚌,,东侧小岛,,,,sjb,sjb,,1,763.85;-88.29;352.37
1050301454,105,3,1,三角蚌,,东侧小岛,,,,sjb,sjb,,,770.60;-120.43;421.28
1050301455,105,3,1,三角蚌,,水动力渠,,,,sjb,sjb,,1,402.71;-101.20;469.44
1050301456,105,3,1,三角蚌,,卸货区,,,,sjb,sjb,,1,430.59;-101.20;441.76
1050301457,105,3,1,三角蚌,,卸货区,,,,sjb,sjb,,1,430.52;-101.20;497.57
1050301458,105,3,1,三角蚌,,蓄水区,,,,sjb,sjb,,1,458.76;-111.26;341.85
1050301459,105,3,1,三角蚌,,电梯井,,,,sjb,sjb,,,492.81;-145.70;562.29
1050301460,105,3,1,三角蚌,,囚犯活动区,,,,sjb,sjb,,1,462.60;-97.14;627.03
1050301461,105,3,1,三角蚌,,潮汐控制室,,,,sjb,sjb,,1,445.49;-105.76;663.71
1050301462,105,3,1,三角蚌,,水动力渠,,,,sjb,sjb,,1,403.53;-102.09;551.34
1050301463,105,3,1,三角蚌,,卸货区,,,,sjb,sjb,,1,402.59;-101.20;507.89
1050301464,105,3,1,三角蚌,,水动力渠,,,,sjb,sjb,,1,382.66;-97.33;581.55
1050301465,105,3,1,三角蚌,,蓄水区,,,,sjb,sjb,,,545.93;-115.29;384.88
1050301466,105,3,1,三角蚌,,蓄水区,,,,sjb,sjb,,,579.11;-100.03;397.29
1050301467,105,3,1,三角蚌,,东侧小岛,,,,sjb,sjb,,1,673.83;-85.36;277.84
1050301468,105,3,1,三角蚌,,电梯井,,,,sjb,sjb,,,522.82;-145.42;562.41
1050301469,105,3,1,三角蚌,,东侧小岛,,,,sjb,sjb,,,749.64;-95.69;504.37
1050301470,105,3,1,三角蚌,,东侧小岛,,,,sjb,sjb,,,706.90;-114.65;545.51
1050301471,105,3,1,三角蚌,,潮汐控制室,,,,sjb,sjb,,1,522.22;-102.24;648.37
1050301472,105,3,1,三角蚌,,潮汐控制室,,,,sjb,sjb,,1,512.37;-102.25;670.98
1050301473,105,3,1,马桶,,牢房,,,需要使用钥匙卡才能开启,mt,mt,,1,538.54;-93.31;498.18
1050301474,105,3,1,马桶,,牢房,,,需要使用钥匙卡才能开启,mt,mt,,1,549.38;-88.02;498.33
1050301475,105,3,1,马桶,,牢房,,,需要使用钥匙卡才能开启,mt,mt,,1,565.42;-93.30;578.08
1050301476,105,3,1,马桶,,牢房,,,需要使用钥匙卡才能开启,mt,mt,,2,601.39;-82.70;550.14
1050301477,105,3,1,马桶,,牢房,,,需要使用钥匙卡才能开启,mt,mt,,1,601.43;-93.30;566.49
1050301478,105,3,1,马桶,,牢房,,,需要使用钥匙卡才能开启,mt,mt,,2,601.43;-82.68;528.28
1050301479,105,3,1,马桶,,牢房,,,需要使用钥匙卡才能开启,mt,mt,,2,605.11;-82.70;552.94
1050301480,105,3,1,马桶,,牢房,,,需要使用钥匙卡才能开启,mt,mt,,1,605.13;-93.30;558.48
1050301481,105,3,1,马桶,,牢房,,,需要使用钥匙卡才能开启,mt,mt,,1,627.80;-93.30;521.71
1050301482,105,3,1,马桶,,牢房,,,需要使用钥匙卡才能开启,mt,mt,,1,627.84;-93.30;549.50
1050301483,105,3,1,马桶,,牢房,,,需要使用钥匙卡才能开启,mt,mt,,1,601.47;-87.99;549.71
1050301484,105,3,1,马桶,,牢房,,,,mt,mt,,1,627.86;-87.99;543.61
1050301485,105,3,1,马桶,,牢房,,,需要使用钥匙卡才能开启,mt,mt,,2,567.10;-82.72;583.71
1050301486,105,3,1,马桶,,牢房,,,需要使用钥匙卡才能开启,mt,mt,,2,574.06;-82.68;570.44
1050301487,105,3,1,马桶,,牢房,,,需要使用钥匙卡才能开启,mt,mt,,1,574.08;-93.30;575.96
1050301488,105,3,1,马桶,,牢房,,,需要使用钥匙卡才能开启,mt,mt,,2,596.78;-82.69;582.25
1050301489,105,3,1,马桶,,牢房,,,需要使用钥匙卡才能开启,mt,mt,,1,588.98;-93.30;589.97
1050301490,105,3,1,马桶,,牢房,,,需要使用钥匙卡才能开启,mt,mt,,1,595.09;-87.98;616.73
1050301491,105,3,1,马桶,,牢房,,,需要使用钥匙卡才能开启,mt,mt,,1,610.72;-87.98;606.00
1050301492,105,3,1,马桶,,牢房,,,需要使用钥匙卡才能开启,mt,mt,,1,569.61;-87.98;573.94
1050301493,105,3,1,储物柜,,医疗实验区,,,,cwg,cwg,,1,566.65;-87.67;470.42
1050301494,105,3,1,储物柜,,医疗实验区,,,,cwg,cwg,,1,566.65;-87.67;469.53
1050301495,105,3,1,储物柜,,行政区,,,,cwg,cwg,,1,473.70;-87.57;453.50
1050301496,105,3,1,储物柜,,行政区,,,,cwg,cwg,,1,467.55;-87.56;515.53
1050301497,105,3,1,储物柜,,医疗实验区,,,,cwg,cwg,,1,568.82;-93.23;465.62
1050301498,105,3,1,储物柜,,禁闭区,,,,cwg,cwg,,1,610.88;-87.87;470.84
1050301499,105,3,1,武器箱,,牢房,,,,wqx,wqx,,1,629.35;-87.90;511.68
1050301500,105,3,1,储物柜,,卸货区,,,,cwg,cwg,,1,409.35;-86.61;482.44
1050301501,105,3,1,武器箱,,行政区,,,,wqx,wqx,,1,481.18;-87.70;431.15
1050301502,105,3,1,武器箱,,行政区,,,,wqx,wqx,,1,506.11;-87.74;402.52
1050301503,105,3,1,武器箱,,医疗实验区,,,,wqx,wqx,,1,577.91;-93.28;455.33
1050301504,105,3,1,武器箱,,禁闭区,,,,wqx,wqx,,1,597.58;-87.90;469.85
1050306001,105,3,6,出生点,,,,,,csd,csd,,,558.05;0.00;581.29
1050306002,105,3,6,出生点,,,,,,csd,csd,,,607.55;0.00;612.41
1050306003,105,3,6,出生点,,,,,,csd,csd,,,626.95;0.00;486.47
1050306004,105,3,6,出生点,,,,,,csd,csd,,,632.13;0.00;435.93
1050306005,105,3,6,出生点,,,,,,csd,csd,,,452.34;0.00;533.98
1050306006,105,3,6,出生点,,,,,,csd,csd,,,558.05;0.00;581.29
1050306007,105,3,6,出生点,,,,,,csd,csd,,,410.20;0.00;585.93
1050306008,105,3,6,出生点,,,,,,csd,csd,,,453.27;0.00;589.51
1050306009,105,3,6,出生点,,,,,,csd,csd,,,382.15;0.00;463.68
1050306010,105,3,6,出生点,,,,,,csd,csd,,,621.43;0.00;527.79
1050306011,105,3,6,出生点,,,,,,csd,csd,,,630.19;0.00;354.21
1050306012,105,3,6,出生点,,,,,,csd,csd,,,731.92;0.00;601.33
1050306013,105,3,6,出生点,,,,,,csd,csd,,,440.11;0.00;552.60
1050306014,105,3,6,出生点,,,,,,csd,csd,,,345.19;0.00;382.29
1050307001,105,3,7,延迟撤离点,,直升机接应区,,,,yscld,yscld,,,469.04;0.00;322.31
1050307002,105,3,7,丢包撤离点,,海沟,,,,tjcld,tjcld,,,615.94;0.00;628.20
1050307003,105,3,7,拉闸撤离点,,管道闸门1,,,,dtcld,dtcld,,,402.71;0.00;624.45
1050307004,105,3,7,拉闸撤离点,,管道闸门2,,,,dtcld,dtcld,,,508.03;0.00;677.69
1050307005,105,3,7,拉闸撤离点,,管道闸门3,,,,dtcld,dtcld,,,623.79;0.00;590.03
